anarchy,seed,updated_at
101,GEN-C86BEEE7,2026-08-29 02:19
102,GEN-7E3BBCDB,2026-08-29 02:19
103,GEN-58508D2D,2026-08-29 02:20
104,GEN-2B64B849,2026-08-29 02:20
105,GEN-17D3FEB2,2026-08-29 02:20
106,GEN-5DFF9582,2026-08-29 02:20
107,GEN-6A2D0162,2026-08-29 02:20
108,GEN-7E04DC12,2026-08-29 02:20
109,GEN-F730B10C,2026-08-29 02:20
110,GEN-AE440E0A,2026-08-29 02:20
111,GEN-091CA82C,2026-08-29 02:20
112,GEN-BBBED67D,2026-08-29 02:21
113,GEN-BF7FAFC9,2026-08-29 02:21
114,GEN-BE9536F3,2026-08-29 02:21
201,GEN-F564F4AD,2026-08-29 02:21
202,GEN-C86BEEE7,2026-08-29 02:21
203,GEN-F28E2E9C,2026-08-29 02:21
204,GEN-453B2192,2026-08-29 02:21
205,GEN-551F4A16,2026-08-29 02:21
206,GEN-674B1EE7,2026-08-29 02:21
207,GEN-DAE4E35F,2026-08-29 02:21
208,GEN-0508B7C9,2026-08-29 02:22
209,GEN-162EAADF,2026-08-29 02:22
210,GEN-813757AD,2026-08-29 02:22
211,GEN-D04EB5C8,2026-08-29 02:22
212,GEN-01FD2930,2026-08-29 02:22
213,GEN-0FEECD90,2026-08-29 02:22
214,GEN-4992AF65,2026-08-29 02:22
215,GEN-18D63468,2026-08-29 02:22
216,GEN-C15AF0C6,2026-08-29 02:22
217,GEN-3252B9E1,2026-08-29 02:23
218,GEN-49C1EF29,2026-08-29 02:23
219,GEN-B80228DC,2026-08-29 02:23
220,GEN-941E5AB0,2026-08-29 02:23
221,GEN-334691BA,2026-08-29 02:23
222,GEN-19CCA1A0,2026-08-29 02:23
223,GEN-521ABEDB,2026-08-29 02:23
224,GEN-9CC3DFC0,2026-08-29 02:23
225,GEN-09E27081,2026-08-29 02:23
226,GEN-9463344E,2026-08-29 02:24
227,GEN-C30F209A,2026-08-29 02:24
228,GEN-9FCB4880,2026-08-29 02:24
229,GEN-BD2D1109,2026-08-29 02:24
230,GEN-2E80D2C1,2026-08-29 02:24
231,GEN-A6CB707C,2026-08-29 02:24
232,GEN-379649C8,2026-08-29 02:24
233,GEN-020F5708,2026-08-29 02:24
234,GEN-1DEA9475,2026-08-29 02:24
235,GEN-6E5C3148,2026-08-29 02:24
236,GEN-03A0B8BC,2026-08-29 02:25
237,GEN-073B3A7F,2026-08-29 02:25
301,GEN-DDB1F853,2026-08-29 02:25
302,GEN-221B00F0,2026-08-29 02:25
303,GEN-7F70899E,2026-08-29 02:25
304,GEN-69B33CBB,2026-08-29 02:25
305,GEN-433AA4BC,2026-08-29 02:25
306,GEN-093782D9,2026-08-29 02:25
307,GEN-EB69884C,2026-08-29 02:25
308,GEN-6C583C6B,2026-08-29 02:26
309,GEN-0E546D86,2026-08-29 02:26
310,GEN-7EA1E2FE,2026-08-29 02:26
311,GEN-44EC885D,2026-08-29 02:26
312,GEN-A521941C,2026-08-29 02:26
313,GEN-921B37CA,2026-08-29 02:26
314,GEN-64B346E4,2026-08-29 02:26
315,GEN-046F4A84,2026-08-29 02:26
316,GEN-9B934AFB,2026-08-29 02:26
317,GEN-763BD46F,2026-08-29 02:27
318,GEN-28ED6C51,2026-08-29 02:27
319,GEN-3235B9AD,2026-08-29 02:27
320,GEN-E1198DAC,2026-08-29 02:27
321,GEN-B3E75EA3,2026-08-29 02:27
322,GEN-41CCCA56,2026-08-29 02:27
323,GEN-F3FACC1D,2026-08-29 02:27
324,GEN-FB81A1DF,2026-08-29 02:27
325,GEN-85794147,2026-08-29 02:27
326,GEN-3EDBC347,2026-08-29 02:28
501,GEN-8957AA2D,2026-08-29 02:28
502,GEN-44E266EE,2026-08-29 02:28
503,GEN-BE14A259,2026-08-29 02:28
504,GEN-9A12A127,2026-08-29 02:28
505,GEN-BDAE6F73,2026-08-29 02:28
506,GEN-431734DB,2026-08-29 02:28
507,GEN-4D76A4D7,2026-08-29 02:28
508,GEN-5F5B77ED,2026-08-29 02:28
509,GEN-229286EA,2026-08-29 02:28
510,GEN-3F41C0FB,2026-08-29 02:29
511,GEN-C1D2EC0A,2026-08-29 02:29
512,GEN-32573703,2026-08-29 02:29
513,GEN-284D0A4E,2026-08-29 02:29
514,GEN-C8EC250F,2026-08-29 02:29
515,GEN-B9CBE004,2026-08-29 02:29
516,GEN-1F601336,2026-08-29 02:29
517,GEN-48B97818,2026-08-29 02:29
901,GEN-3574ED49,2026-08-29 02:29
902,GEN-B649A04E,2026-08-29 02:30
903,GEN-381538DA,2026-08-29 02:30
904,GEN-B3112915,2026-08-29 02:30
